step,inflowVel, ref, train
0, 0.005194349169810958, 0.008898285713361424, 0.005326698523556526
1, 0.0050160071476786335, 0.00875034541807477, 0.005006810898486619
2, 0.004940595229019433, 0.008639516338454807, 0.004884784782480613
3, 0.004872086814336762, 0.008506328511959335, 0.0047699136262639155
4, 0.004789811422047372, 0.008381012543739767, 0.004680919245368629
5, 0.004699059463883391, 0.008254503486722804, 0.004599857267709968
6, 0.004601790674485189, 0.008147274992888694, 0.00452455528555782
7, 0.0044982477012001755, 0.008061016639629137, 0.004455344724082558
8, 0.004394823256402048, 0.008003471002595394, 0.004387538967248692
9, 0.004292102636604387, 0.007964330546491198, 0.00432513397294455
10, 0.0041995096003555245, 0.00793713468794293, 0.004263415886396805
11, 0.004114865022997956, 0.007917273778064006, 0.004203515804704542
12, 0.004045288505689759, 0.007893887878846779, 0.004145385507634917
13, 0.003983806188197568, 0.00786487251495386, 0.0040868132730277566
14, 0.003928970898780686, 0.00782064943841736, 0.0040289948953823925
15, 0.003886973504393154, 0.007774143190752483, 0.003974339231393038
16, 0.0038527672617446416, 0.007720272180027911, 0.003920558129165328
17, 0.0038256175200942094, 0.007672715835544884, 0.0038679240562741763
18, 0.0037993101784793387, 0.007621288185013992, 0.003819283275254229
19, 0.003774404385407077, 0.007576373444991773, 0.003780314058821743
20, 0.003744465161867934, 0.007538493871172233, 0.003744007648347586
21, 0.0037124438711887827, 0.007518067095943154, 0.0037172570089235297
22, 0.003677963098256419, 0.007507837740930899, 0.0036960922719940278
23, 0.0036365208378255367, 0.007511940049403674, 0.003688081285484819
24, 0.0035935091772401123, 0.007512549703161652, 0.0036876001337396106
25, 0.0035547988662483557, 0.007489995098700717, 0.00370087541166679
26, 0.0035175746939849974, 0.007474190570396364, 0.0037082163517993413
27, 0.0034802926404796427, 0.007442269518796927, 0.00371990866832956
28, 0.003440443238715303, 0.007404720347889652, 0.0037234863453470086
29, 0.0033989887496846467, 0.007333798009064465, 0.0037269256695987517
30, 0.0033579939657074564, 0.0072543168673781435, 0.0037242925083256126
31, 0.00331761132811505, 0.0071484996335945536, 0.003716648737839822
32, 0.0032763877298308567, 0.007053679441741684, 0.003706414443935193
33, 0.0032302415091561387, 0.0069658032413256075, 0.003686854620076057
34, 0.003187354348659095, 0.006870040575371137, 0.003670110912071976
35, 0.003150026115758551, 0.00677211920841903, 0.0036425616015917056
36, 0.0031238537601676443, 0.006675170837135279, 0.0036165573286870444
37, 0.0031061545517308874, 0.00658389843732604, 0.0035770450800126866
38, 0.003100035521574686, 0.006495474369253544, 0.0035422235996067425
39, 0.0031030999057665492, 0.006408280112566201, 0.003503673593377233
40, 0.0031144453802321595, 0.006316736172596715, 0.003463847692228698
41, 0.0031303040253937335, 0.006231785872985823, 0.003421980572435779
42, 0.0031488732029521104, 0.006152128302419968, 0.0033875614673855928
43, 0.0031649214735220955, 0.006085187534359411, 0.0033574282499483432
44, 0.003176133490810277, 0.006025731109825299, 0.003334293010976765
45, 0.0031863642727258737, 0.005979265024049846, 0.0033208456690153685
46, 0.0031892799189898466, 0.005937796803930238, 0.0033021071313718477
47, 0.003186261896011491, 0.00591049776224413, 0.0032818860486886333
48, 0.0031752470974554044, 0.005887534486889253, 0.0032635503702239865
49, 0.0031611372811636554, 0.005873252984835451, 0.003248059123618724
50, 0.0031443010275242693, 0.005857691375219307, 0.003233245633349488
51, 0.0031293046235255193, 0.005845854990129153, 0.003221840978494486
52, 0.0031141672488768646, 0.005832853779142706, 0.0032110028602666467
53, 0.0030982905800052037, 0.00582602988038513, 0.0032049869851155607
54, 0.0030848710636940395, 0.005822765293953896, 0.003209237266207395
55, 0.003075218040357528, 0.005824537198576884, 0.0032224811672655843
56, 0.003074853076720668, 0.005831667899372209, 0.0032421025875744676
57, 0.0030825464967783284, 0.005839951411992703, 0.0032668588129555424
58, 0.003098781358660531, 0.005851350124001526, 0.003295255394215225
59, 0.0031215576064300603, 0.00586406159080137, 0.0033255504293164314
60, 0.0031532402776426466, 0.00587731177808909, 0.0033612024925395727
61, 0.003189972014187281, 0.0058883416493827915, 0.003391238142708376
62, 0.0032339276805886624, 0.005893997505410338, 0.0034212105824276045
63, 0.0032801413727173213, 0.005893238395380224, 0.0034466785149094375
64, 0.0033260960534022958, 0.005883141492022152, 0.0034668677228518185
65, 0.0033669854655359534, 0.005869308117829753, 0.003483959531314933
66, 0.003401081661519049, 0.00585179015640085, 0.0034932908619525046
67, 0.0034253976023862587, 0.005832836395263921, 0.0034962496888130286
68, 0.0034382700160407523, 0.00581462676464589, 0.003491672055340769
69, 0.0034449742122349674, 0.00580094040564663, 0.0034912695064979837
70, 0.00344174715891043, 0.005793059883031061, 0.003486669941475288
71, 0.003433180903008819, 0.005792227464820013, 0.0034858444222540127
72, 0.003417847500674642, 0.005801956671672997, 0.0034861818500356956
73, 0.003400969609744964, 0.005819362607645311, 0.0034878298755980975
74, 0.003382840293790702, 0.005846235541230697, 0.003494455708883565
75, 0.003369715739444762, 0.0058792411386848825, 0.0035075966467723874
76, 0.0033598748950875185, 0.005917642465805977, 0.003526686392540076
77, 0.003354804137096497, 0.005958290643570881, 0.003546098402452242
78, 0.003352635771052013, 0.0060039323946648425, 0.003564665874708848
79, 0.003353298666948933, 0.006051269879671509, 0.0035800524103598995
80, 0.003354742466977364, 0.006105481995063657, 0.0035942052931958257
81, 0.003353098982468629, 0.006166357587743909, 0.0036042478357805057
82, 0.0033488619233065235, 0.0062329804318364415, 0.0036134688003132487
83, 0.003339717922417502, 0.006302724586285456, 0.0036207237259492046
84, 0.0033264270421202047, 0.0063781997865269766, 0.0036247875032806983
85, 0.0033080972126636804, 0.0064594514970671875, 0.003628442833555069
86, 0.0032874260508388826, 0.006544128463405458, 0.0036318969019260646
87, 0.003266575860447522, 0.006629137465627853, 0.003636243836582738
88, 0.0032491833337292175, 0.0067061209866569015, 0.0036421838013672592
89, 0.003239544089979449, 0.006773126924905798, 0.003650183614280983
90, 0.003236959718243999, 0.006833271069776451, 0.0036558235581202357
91, 0.00324237036654801, 0.006889004909075125, 0.003659289326016617
92, 0.003262745714731637, 0.00693741397400259, 0.00366252479144245
93, 0.003293587543039862, 0.007014315876176378, 0.0036651433678532254
94, 0.003336033193504429, 0.007086394548648943, 0.00366861339929416
95, 0.0033937304529209076, 0.007153757180687793, 0.0036718611584600053
96, 0.003446294826879493, 0.007220047350365038, 0.003676706316143613
97, 0.0035218119868708105, 0.007302264159070958, 0.0036821779251682285
98, 0.0035866330374154268, 0.007384340690721201, 0.003691301932961576
99, 0.003655732724509644, 0.007474446118747064, 0.0037000764980301454
100, 0.0037116936700609137, 0.007555592171183474, 0.0037094020303444584
101, 0.003759987841097321, 0.00759627912872985, 0.0037163321191161364
102, 0.003795749820621065, 0.007618183735744903, 0.003722319741221103
103, 0.0038137514677592495, 0.0076347186044215054, 0.003724410535565837
104, 0.0038342627440467753, 0.00764097662293263, 0.0037208197291030997
105, 0.0038271397141506147, 0.007629242909282338, 0.0037203686168780776
106, 0.0038259989552467425, 0.007617478461959166, 0.0037182138599623905
107, 0.003814469692917913, 0.0076049812424731, 0.003722783121373814
108, 0.0038056132747121773, 0.007613167914815937, 0.0037348858203438283
109, 0.003797697744833417, 0.007638297587585976, 0.0037580769294268497
110, 0.003796272216348152, 0.007691129256834591, 0.0037906056106895188
111, 0.003803059964343832, 0.007752814176409054, 0.003839058724928181
112, 0.0038169504578076667, 0.007838723262104531, 0.003893644309526108
113, 0.003838431726579666, 0.007932759232347411, 0.003953428064810142
114, 0.003868547183462274, 0.008048106014579004, 0.004008961335884426
115, 0.0039050129584373627, 0.0081679318002636, 0.004068397952827708
116, 0.003949048484097146, 0.008298111330200251, 0.004113593856715236
117, 0.00399886682186318, 0.008429691319205757, 0.004158769935778345
118, 0.004050882308286647, 0.008570950261864224, 0.004191190396724196
119, 0.00410158698765771, 0.008737138830971096, 0.004221889419153053
120, 0.0041467360001195925, 0.008913259085470002, 0.004252914338594117
121, 0.004183903961229653, 0.009100277557873886, 0.00428276962107937
122, 0.004215181301586977, 0.009280142509442871, 0.0043114094928311765
123, 0.004244085047848546, 0.00945324633608511, 0.004331197084305177
124, 0.004275114249154028, 0.00960975123011449, 0.004356240393301242
125, 0.004309967501130847, 0.00975284395568471, 0.00437661243238048
126, 0.004351644975540132, 0.009877986486385982, 0.004402954587972333
127, 0.004401655042946213, 0.009981902978119525, 0.004424873761697745
128, 0.004459093266299978, 0.01006948673232242, 0.0044461026463825
129, 0.00452778063122111, 0.010152456143206518, 0.0044669426768815116
130, 0.0045996688883759625, 0.010233775032607952, 0.004495867788942667
131, 0.0046745858305972, 0.010322519471965828, 0.004527507809350359
132, 0.0047455742194169774, 0.010412988296271094, 0.004562056626307578
133, 0.0048095040536809235, 0.010507364311872668, 0.004597298396577463
134, 0.004860066476071407, 0.010591993000277545, 0.004635190845607925
135, 0.004895080467399259, 0.010657834248300357, 0.004672698411267209
136, 0.004918282635333608, 0.010702209986414853, 0.004718866590000731
137, 0.004931406197157127, 0.010732815638638116, 0.004770264669789492
138, 0.004939751934312946, 0.010748226766452441, 0.004835129143163859
139, 0.004948223241860642, 0.0107538982255472, 0.00491482749398874
140, 0.00496401254679478, 0.010750687753112964, 0.005009160504682744
141, 0.004988494885413168, 0.010749096835952137, 0.005110218234548373
142, 0.005026219401840177, 0.010767995123578698, 0.005217198970609308
143, 0.005074254842001206, 0.010816357035987162, 0.005300791368784319
144, 0.005131779817440544, 0.010887347099245612, 0.005370678417434049
145, 0.0051916285898286965, 0.010980158908556123, 0.005432677713384439
146, 0.005248768631895309, 0.011080870845956855, 0.005483305272854721
147, 0.00529824935036481, 0.011179877834587789, 0.005518806281178842
148, 0.005332940143809523, 0.011286996144207582, 0.005541471310450106
149, 0.005360200611962502, 0.011395410233099472, 0.0055576612303384456
150, 0.005381612353211697, 0.011518890671794107, 0.005568022356953297
151, 0.005401486324167067, 0.011655431475717395, 0.0055999504264139625
152, 0.0054123383491286, 0.01180521574741696, 0.005631389135495435
153, 0.005418427516224346, 0.011941409196837817, 0.005658130047951235
154, 0.005429863545078463, 0.012072016086640349, 0.005679677722050945
155, 0.00544648119690621, 0.012192850898590086, 0.005700664335685471
156, 0.0054681224250832825, 0.012297155360587678, 0.005726052443543563
157, 0.005492326709764775, 0.012378465100462128, 0.005749317551811325
158, 0.0055193577709349885, 0.012410957305943732, 0.0057850162483037565
159, 0.005551629890999665, 0.012391963612658671, 0.005830589891801876
160, 0.005595699021193497, 0.012335869144348007, 0.005891043777803296
161, 0.005649525762518385, 0.012262972815326071, 0.005951401674683
162, 0.005703805413478435, 0.012177133202657352, 0.005996965334127355
163, 0.005754531556332064, 0.012090664656483938, 0.006045178562667208
164, 0.005803153305071178, 0.011983644203411368, 0.006088519219830642
165, 0.005844237636190658, 0.011885361966208171, 0.006132297119354141
166, 0.005876063771309338, 0.011778793138720376, 0.006156824193174779
167, 0.005896722644297158, 0.011692945655925943, 0.006162601440368523
168, 0.005906772544402129, 0.011612696785038632, 0.006153056350646457
169, 0.005906139233425692, 0.011562928575807898, 0.0061363819076185365
170, 0.005903874182212389, 0.011523859048331614, 0.006130423762650324
171, 0.005904367090663265, 0.011483687160818254, 0.00610474133747727
172, 0.005905539813100068, 0.011466674707783637, 0.006069616508128241
173, 0.005921724854411673, 0.011440111867305798, 0.0060324434361335956
174, 0.005926654236940061, 0.011425448487499722, 0.006004782129181321
175, 0.00594111356102291, 0.011395031995519283, 0.005989616412649707
176, 0.005954042412140199, 0.011357269594936454, 0.005987865209742989
177, 0.0059829179315466705, 0.011283726955106942, 0.006000005348669193
178, 0.006013038825284786, 0.011205745880576785, 0.0060199956260388035
179, 0.006051509500385963, 0.011132626628016205, 0.006055253339921046
180, 0.006099769906502114, 0.011059727621669437, 0.006090484204967608
181, 0.00614413760092422, 0.011001588779540413, 0.006110923644000746
182, 0.006200475286367102, 0.01095572651959682, 0.006110810736827469
183, 0.0062394989329644605, 0.01092611763143541, 0.006087317222881351
184, 0.006271477236078179, 0.010919757660820888, 0.0060396196260889086
185, 0.0062766215188986155, 0.010946182454462352, 0.0059710624968326315
186, 0.006264918425741189, 0.010994932696535486, 0.005886170067813151
187, 0.006232263810055347, 0.011064582404800516, 0.005788910439684643
188, 0.006176707673031164, 0.011147492425634328, 0.005688225589877672
189, 0.006097315901383605, 0.011222822846436031, 0.005588304338544475
190, 0.0060045193969448666, 0.011281031314357865, 0.005490639692010647
191, 0.005906875341826473, 0.011323276418578353, 0.00539963014263023
192, 0.005807003694133937, 0.011345892831359748, 0.005314929307495798
193, 0.005710294647208108, 0.01132993903645996, 0.0052379839571963386
194, 0.005617980968568526, 0.011259877139023822, 0.005165603809856843
195, 0.005524568976674924, 0.01113589570387527, 0.0050990530247308164
196, 0.005435855723552785, 0.010972498508412797, 0.005033567225826651
197, 0.005351735459463502, 0.010794871448271608, 0.00497268669314831
198, 0.005270873072837016, 0.010622709479786129, 0.004915005028423907
199, 0.005186786758809565, 0.010456565024922967, 0.0048594162252283525
200, 0.005103533180817837, 0.010295402997830536, 0.00480323609417451
201, 0.005015410781792186, 0.010155527967674657, 0.004746828602255507
202, 0.0049244701643575495, 0.01005737655047151, 0.004693737603066845
203, 0.004830816817383232, 0.009992763564770798, 0.00464184185891785
204, 0.0047359837106186065, 0.00994008420969243, 0.004595901386342903
205, 0.004645530713434459, 0.009879039094865328, 0.004553331433855242
206, 0.004564371896993693, 0.009802103868639198, 0.0045159093774400205
207, 0.004496746850240922, 0.009715315410160925, 0.00448595551017376
208, 0.004444157648101795, 0.009622211657899775, 0.004466200326176532
209, 0.004411877039406204, 0.009505808252930244, 0.004454718293875279
210, 0.004398562848724117, 0.00936262902360725, 0.00444670317173531
211, 0.004402506597633346, 0.009201925897669256, 0.0044418369507506
212, 0.004414954149701219, 0.009048693274069545, 0.0044357205624235615
213, 0.004419354295872801, 0.008919467341656544, 0.004423974213432003
214, 0.004440301675587546, 0.008823932555930607, 0.004408980154411947
215, 0.004457802229303163, 0.008754220174645094, 0.004394108087675883
216, 0.00447735864114161, 0.008706269163446502, 0.004385985910812629
217, 0.004491969141600132, 0.008686071984428558, 0.004380752312113741
218, 0.004499073844662258, 0.008693915828134289, 0.0043792561393336165
219, 0.004499071045476354, 0.008705574677456118, 0.0043816155120018525
220, 0.004501959156680717, 0.008720034751208023, 0.004387304554940758
221, 0.004509863589343617, 0.008724145552872438, 0.004401900175083382
222, 0.004505047816724059, 0.008721356189942084, 0.00442262998651868
223, 0.004502034654814486, 0.008708037591187701, 0.004438550487528944
224, 0.004495701962337279, 0.008692767638697018, 0.004444927891975485
225, 0.004485899106572024, 0.008665464590974399, 0.004439926805635378
226, 0.004473391433677327, 0.008624708416419968, 0.004432191923280832
227, 0.0044592148959091546, 0.008589088928399723, 0.004417567235426854
228, 0.004441209322816526, 0.008549604039299616, 0.004402288874166033
229, 0.004429260081216154, 0.008515723470003001, 0.004383232925069441
230, 0.004416324131886492, 0.00847717766620139, 0.004360537454095777
231, 0.004403037719394884, 0.008427101964505223, 0.004327733203370836
232, 0.004379865053727233, 0.008350323387271433, 0.004283992550803655
233, 0.004347369900929598, 0.008260810528464804, 0.00423369023215929
234, 0.004305593355297234, 0.00815591141731897, 0.0041764038838301085
235, 0.004254803752852196, 0.008048838039000566, 0.004115364571526306
236, 0.004193823845770255, 0.007940062122607304, 0.004048155535521514
237, 0.004124698802028981, 0.007830467545290532, 0.00397791113667153
238, 0.004047954788910588, 0.007718459546305979, 0.003904364879872447
239, 0.003969262661028334, 0.0076135510996055995, 0.0038399771528529886
240, 0.0038944739743610717, 0.007523080896759318, 0.003784021602672726
241, 0.0038310227238695592, 0.007451608137173545, 0.0037401463937965515
242, 0.003775700803452374, 0.007400756700888723, 0.003701719363693106
243, 0.0037329189610196983, 0.00736348576936915, 0.003669417708991652
244, 0.0037023387991787075, 0.007338177922904683, 0.0036414858030393614
245, 0.0036787450779613164, 0.007316810411177176, 0.00361669740588271
246, 0.0036586172191793954, 0.007292334268267376, 0.0035924055874424965
247, 0.003640810145886384, 0.007261060097839434, 0.0035692929578819955
248, 0.0036260146952847663, 0.007221573791571298, 0.003546153884236631
249, 0.0036092069931765425, 0.0071704674611335695, 0.003518094721502302
250, 0.0035948394492524944, 0.0071129226490551, 0.0034880163840631116
251, 0.003579855947260912, 0.007052784006684303, 0.003458605332946697
252, 0.003563843944063601, 0.007002535454813921, 0.003430216069883123
253, 0.0035479789483184505, 0.006963107307305205, 0.0034035617922617417
254, 0.0035284387201268462, 0.006940895268025073, 0.003380086119855587
255, 0.003509015743950055, 0.006935840860119661, 0.003361152605284239
256, 0.003486945327443285, 0.006938312336853538, 0.0033458520026957727
257, 0.003465282530371586, 0.006941747014329904, 0.003338384135324653
258, 0.0034438654387153322, 0.006941468220556279, 0.0033336487728862193
259, 0.003421035347552901, 0.006934401141827448, 0.0033261112680131504
260, 0.003398717077196474, 0.006915697488657076, 0.0033150756072736665
261, 0.003376198213143151, 0.006887994436633571, 0.003301704319933594
262, 0.0033562980643811503, 0.006852511840098529, 0.0032910605283990985
263, 0.003337278312728164, 0.006810201185391184, 0.0032805263679045915
264, 0.0033283620958464676, 0.0067730106711323575, 0.0032761782733113616
265, 0.0033347395672801896, 0.006743906225628093, 0.003277775516401728
266, 0.0033533296931496136, 0.0067219820179768375, 0.003287603959205814
267, 0.003388634767441134, 0.006702407731790177, 0.003306112223551007
268, 0.003435925384070651, 0.006683592521440369, 0.003338601154996391
269, 0.0034986315535668585, 0.006665527597032225, 0.0033810732271347824
270, 0.003574249665569489, 0.006649244657389224, 0.0034288212873187485
271, 0.0036547952447628677, 0.006637486659394941, 0.0034757072708967605
272, 0.003731624922292725, 0.00663420489705275, 0.003522502797471062
273, 0.0038001834777104306, 0.006643870991044394, 0.0035687326157773014
274, 0.003860133969954395, 0.006662418534034095, 0.003614773255321162
275, 0.003909737855205616, 0.006692409118077158, 0.0036647847997674362
276, 0.003950138196845322, 0.006726293317818482, 0.0037110721592001957
277, 0.003982038003941018, 0.00677166840758605, 0.0037574747069556496
278, 0.00401088917817932, 0.00682350827104557, 0.0038050168893207473
279, 0.004044045599680148, 0.006887872445071458, 0.003859826113963893
280, 0.004083488612682892, 0.006954327658764078, 0.003914629861793029
281, 0.004127352626889608, 0.007023806002501393, 0.003970071647687038
282, 0.0041778445324724715, 0.007098419457314148, 0.004026371892605794
283, 0.004230659980919115, 0.0071802172279028615, 0.004079256909907394
284, 0.004286126124023277, 0.007270648459725581, 0.004132164908634111
285, 0.004344114249442556, 0.007367284834529463, 0.0041836565846013005
286, 0.004399643385187211, 0.007472612819357642, 0.004227789982033393
287, 0.00445413797923503, 0.007579372068573764, 0.004268046971547754
288, 0.004504407948696571, 0.0076827439064228766, 0.004302179307072065
289, 0.004549051771715258, 0.007785201198557153, 0.004329229786475123
290, 0.00459043355682499, 0.007876691966713355, 0.004349999788445691
291, 0.004630987889435702, 0.007958799828916483, 0.004367107625879147
292, 0.004664667960828352, 0.008023735322408196, 0.004376963393604976
293, 0.004692609956481316, 0.008074174134715222, 0.004381515450020243
294, 0.004715262109428759, 0.008099760630214472, 0.0043826416511537954
295, 0.004730989368178166, 0.008106766734216555, 0.004376618593955307
296, 0.004739189908506622, 0.008105968033247578, 0.004374219974546494
297, 0.0047440737480731335, 0.008094707471799726, 0.004374639112220416
298, 0.004734457206579136, 0.008083033641085669, 0.004379190019643393
299, 0.004715347589722297, 0.008065876494908081, 0.004386387468436376
300, 0.00468799124239995, 0.008048307522711552, 0.00439525631164287
301, 0.004650505592539129, 0.008028481154471438, 0.004405483956663895
302, 0.004605861635333733, 0.008020854904554245, 0.004416234175936501
303, 0.0045541454461677615, 0.00801763781025101, 0.004425478367061552
304, 0.0044948396848943925, 0.008017732512453225, 0.004422933063894876
305, 0.004426772966170322, 0.00801468423074544, 0.004407219646519492
306, 0.004364515083899792, 0.00801507995676668, 0.004376244198647994
307, 0.004303402849442541, 0.00801616887105335, 0.004327711192503038
308, 0.004249830831079743, 0.00802972210520132, 0.004265929636236758
309, 0.004201776326659248, 0.008053678767838421, 0.004189646225151029
310, 0.004160628090998627, 0.008083258556419688, 0.004107315133376391
311, 0.004126696136297674, 0.008118258671644162, 0.0040257368211711
312, 0.00410590423809966, 0.008148973477065296, 0.003953246722955745
313, 0.004097723177462689, 0.00818936193889036, 0.0038903072315825803
314, 0.004095208488718508, 0.008239573936928628, 0.0038373270256628735
315, 0.0040953754742637264, 0.008291571300970812, 0.003796477758205861
316, 0.004098487644918287, 0.008330641570343543, 0.003769705990997007
317, 0.004106637175312436, 0.008372355944611781, 0.003760070519308536
318, 0.004117806413230762, 0.008420205067300774, 0.003762013245084043
319, 0.004131414075729393, 0.00846865375814098, 0.003772465030984756
320, 0.004142789551748715, 0.008509527961138501, 0.0037838542221539048
321, 0.004154037890378461, 0.008524316283560655, 0.003801305820144239
322, 0.004166317012995495, 0.0085151104554666, 0.003826328708520887
323, 0.00418448668196778, 0.00850234400030089, 0.003858114524907869
324, 0.0042055413320884385, 0.008494471869887554, 0.0038942341115065096
325, 0.004227885605172621, 0.00847591727585641, 0.003933313491384282
326, 0.004248939548171807, 0.008435827401354175, 0.0039756072254334696
327, 0.004268049048676617, 0.00838436015168273, 0.004021297654363803
328, 0.004282696156144445, 0.00833162472644975, 0.004073224013000419
329, 0.004291797453182295, 0.00828928645736637, 0.004127353689512705
330, 0.004297258206851038, 0.008250469646670927, 0.00417956842932885
331, 0.004300287047903897, 0.008207180661267122, 0.004229170416673089
332, 0.0043029859538965265, 0.0081588266192528, 0.004276068050866289
333, 0.0043075151600100335, 0.008110001174271901, 0.004317546859407035
334, 0.004313957334785663, 0.008053970417792005, 0.0043521751375384865
335, 0.004326184898300145, 0.007995031708283614, 0.004379649157969847
336, 0.004346189728131912, 0.007935665697975651, 0.004399206608539723
337, 0.004369101424289185, 0.00787584170679304, 0.004411868689367173
338, 0.0043878744676651964, 0.007816720366860994, 0.004418047312253232
339, 0.004401730960338777, 0.007756600642936377, 0.0044219643410179366
340, 0.004408682161167892, 0.0077073135238503055, 0.004425588624079026
341, 0.004408071563698317, 0.007655878148407014, 0.004430098435428496
342, 0.004404758591962145, 0.007626994549240632, 0.0044402702830243276
343, 0.004395604078531293, 0.007611032629570112, 0.004450072356494966
344, 0.004382327058066642, 0.007612636671280964, 0.004464571469939987
345, 0.004368329246663361, 0.007630669722626004, 0.004480510755678884
346, 0.004359413919934947, 0.007662881708895691, 0.0045028144957497875
347, 0.004349657288928199, 0.007709830157000623, 0.004528259463810214
348, 0.00434335600816339, 0.007755052452348201, 0.004555028926856634
349, 0.004339381420701662, 0.007812818354529, 0.004585236305592213
350, 0.004334680145838082, 0.007874898334244356, 0.004612651691348749
351, 0.004329087560835892, 0.007930264884423261, 0.004648355817409212
352, 0.004321334615197755, 0.007978411453002697, 0.004682855239061512
353, 0.004308129223699825, 0.008027762017603753, 0.004713344142358863
354, 0.0042909437786607125, 0.008051425395899939, 0.00474732907468111
355, 0.004271295651270641, 0.008071411829007929, 0.004764548517949782
356, 0.004246673466903323, 0.008071421306641232, 0.004781735487193767
357, 0.004218462018117262, 0.008061127309539036, 0.004773829602485109
358, 0.004187398332643291, 0.008024546832063734, 0.004772628806563684
359, 0.004155842147803635, 0.007988881512495037, 0.004743546493054553
360, 0.004124079605898301, 0.007940770311762818, 0.004714377562878099
361, 0.004101939141998348, 0.00788135415817077, 0.004674728765483498
362, 0.004085160918067911, 0.0078317835466895, 0.004629420438125664
363, 0.004080043722173976, 0.007776999792889358, 0.004587692512729315
364, 0.004084455817954842, 0.007733075059419385, 0.004544932889187713
365, 0.004095341924041762, 0.007683070973537784, 0.004516315649378523
366, 0.004113177731681755, 0.007639703258742866, 0.004477924978070306
367, 0.0041343897700219815, 0.007589763640588089, 0.0044556765906322016
368, 0.004148500344218138, 0.007550805554452969, 0.004425171233224226
369, 0.004162052225631567, 0.007512842598839176, 0.00440006687086956
370, 0.00418143994626213, 0.0075161718130329945, 0.004405289478810629
371, 0.004224422935221227, 0.007506370253829811, 0.004482362760703075
372, 0.004403167033001479, 0.007531191505265791, 0.004656637281395302
373, 0.004463540039579168, 0.007550483086912425, 0.004666709131138607
374, 0.004512596635283531, 0.007610995952219821, 0.004717805580046047
375, 0.004573215266503186, 0.007678197789052595, 0.004735605888115818
376, 0.004641189021551077, 0.0077620391108443355, 0.004772918394792649
377, 0.004701490295719742, 0.007845553226684133, 0.004810565574811683
378, 0.004764884333616513, 0.007901578753151116, 0.004823322359268821
379, 0.00478898227126447, 0.007967936430040989, 0.004772976816500146
380, 0.004669834268255421, 0.008007830687332847, 0.004622060429382059
381, 0.004663910618940143, 0.008052569957051437, 0.0046490223371304824
382, 0.004669590220862601, 0.008042499694274327, 0.0046364941344903725
383, 0.004652930917076811, 0.008034752796349067, 0.0046629129583618
384, 0.004639233229602326, 0.008004063478314933, 0.0046752037259520885
385, 0.0046338907853951715, 0.007985519843962778, 0.00469369716183105
386, 0.004617797899272531, 0.00796361935553717, 0.004705875769766014
387, 0.004622039564124355, 0.0079554657698324, 0.0047173805505790955
388, 0.004621252816365404, 0.007957788604663441, 0.004730620573678002
389, 0.004630796797089904, 0.007980154460145866, 0.004734393006596113
390, 0.004623219313568287, 0.00804008533257686, 0.0047393289463998674
391, 0.004638429444081397, 0.008094158134340747, 0.00474543507470187
392, 0.004641409687693138, 0.008167471391173693, 0.004753956490017757
393, 0.0046543515967823685, 0.008225259752898896, 0.004766628764680338
394, 0.004660352364296842, 0.008281993076285618, 0.004776875455206216
395, 0.004662629894824534, 0.008328451231257902, 0.004788895151005163
396, 0.004673855031123046, 0.00837673422472475, 0.004800525561135814
397, 0.004675567005257458, 0.008415571583886238, 0.00481185212223031
398, 0.004693858094331421, 0.008456834436176088, 0.004820703207558543
399, 0.004695894505206109, 0.00850856022530572, 0.004822912500193512
400, 0.004711760403217252, 0.008562203803375548, 0.004820900205550676
401, 0.0047131409032501945, 0.00861893028461596, 0.004813309672741466
402, 0.004724475838826558, 0.008670543102079552, 0.004805503109569483
403, 0.004732748486461035, 0.008720543847753379, 0.004799407569199013
404, 0.0047439130949577255, 0.008757752569564872, 0.004794421573200215
405, 0.004759417032727519, 0.008797151132876217, 0.004792934223335023
406, 0.00477584099101229, 0.008831745018381685, 0.00479723165157319
407, 0.004796715106953762, 0.008880575791691585, 0.004819841826334146
408, 0.0048157353419569955, 0.008926416048779003, 0.004850486000936853
409, 0.004833489760291885, 0.008986314395004457, 0.00489267454741347
410, 0.004849267540734557, 0.00906054114471751, 0.004945291792407361
411, 0.004860589794541644, 0.009145835375839139, 0.0049974348163542
412, 0.004868254474145938, 0.00923907307950889, 0.005054032176088637
413, 0.004875356469550711, 0.009332608146639077, 0.005111651360986426
414, 0.004884344311886895, 0.009416301998691154, 0.0051736741125800135
415, 0.0048978959713476085, 0.009483582616955664, 0.005231785909937727
416, 0.004916309501374877, 0.009550943640290514, 0.005291800787978993
417, 0.0049408412469817845, 0.009604654307961674, 0.005342765604782593
418, 0.004968127490936629, 0.009651864672098862, 0.005380282296558538
419, 0.005001387163598711, 0.009695445339929455, 0.005421910026022719
420, 0.005038050997091389, 0.009737508941991185, 0.00546774922539671
421, 0.005077998189990364, 0.009778714338796506, 0.005518450247805524
422, 0.005112152196328579, 0.009821940958741764, 0.005559972627158624
423, 0.005147498471040578, 0.00987227625546369, 0.005597845913687162
424, 0.005177448247440686, 0.009910006535711353, 0.005620633175265568
425, 0.005216391796769022, 0.009955102951624108, 0.005653819353393634
426, 0.005243395079493408, 0.00998487016315237, 0.005687501086539612
427, 0.00527328320676436, 0.010011572775407648, 0.0057195836049651
428, 0.005302843405772855, 0.010020366729792942, 0.005744215154399771
429, 0.005336149292458682, 0.01002450867500363, 0.005763409426447491
430, 0.005376551293437049, 0.010019030856402086, 0.005787763067841503
431, 0.005415155377683677, 0.010000710962030696, 0.005805924376821738
432, 0.005460194391892025, 0.009983981967033517, 0.005831038448771548
433, 0.005496183660283766, 0.00996689095218409, 0.005840154558228354
434, 0.005545835408309924, 0.00996334644922017, 0.00585025417596582
435, 0.005587447242746207, 0.009973576783299687, 0.0058515501289193115
436, 0.005624775039224185, 0.009999130561203752, 0.005848785113938782
437, 0.005652043901033513, 0.010038467831389706, 0.005842890613008219
438, 0.005667975601243993, 0.0100852236797646, 0.005828348634347103
439, 0.005675356052574173, 0.01013925737093161, 0.005805496362653591
440, 0.005673152401878061, 0.010200448529729136, 0.005778630335937463
441, 0.005660078420705792, 0.010262064235845305, 0.005752021342589214
442, 0.005639711505043075, 0.010324169737335518, 0.005720242773107205
443, 0.005611742308211817, 0.010369623001690132, 0.005692699268716244
444, 0.005584196112486966, 0.010413491355922563, 0.005661148685206943
445, 0.005555878941199344, 0.010447938435981212, 0.00562932879374666
446, 0.005527925549550319, 0.010487830988602521, 0.005600068511759731
447, 0.0055011724920129065, 0.010529404528827727, 0.005576721695496972
448, 0.005476467798082714, 0.010561416237662722, 0.005554294724125779
449, 0.005452974762713264, 0.010575842752422755, 0.005530886576336667
450, 0.005423185337683496, 0.010576021323679446, 0.00550668977631984
451, 0.005395563741288778, 0.01057026261910724, 0.005475645877656355
452, 0.005366211967603032, 0.010557977692125098, 0.005442386218597534
453, 0.005330325141673062, 0.010536603112138193, 0.005404597560012865
454, 0.005294178375452779, 0.010505070157367857, 0.0053615015208216986
455, 0.005251702175331641, 0.010461651856878456, 0.005314037230486326
456, 0.005201294023535646, 0.01042221386613484, 0.005268413222689554
457, 0.005158193829228144, 0.010407123014052118, 0.0052316980206905915
458, 0.005123241111056377, 0.010406830788923281, 0.005204928229286868
459, 0.005101743943564913, 0.010420790433771112, 0.005191972184602088
460, 0.005085581775562361, 0.01043757383176002, 0.005204336653426633
461, 0.005083967999292228, 0.010457583930826289, 0.0052323538736522065
462, 0.005096728923942757, 0.010472600173226175, 0.005269893450394138
463, 0.005127697518812929, 0.01047750452284834, 0.005313782860381295
464, 0.005175060643147614, 0.010458537083694257, 0.005357160499775353
465, 0.0052266041784618375, 0.010413540499990884, 0.005403152692693974
466, 0.005277287643211426, 0.01034622761350102, 0.00544403821312902
467, 0.005322844270734436, 0.010254368046415357, 0.00547291812515263
468, 0.005365660476988543, 0.010137262231779947, 0.005485216188939956
469, 0.005406913834864855, 0.009992525459987115, 0.005491776855611901
470, 0.005434852742721319, 0.009817833867137821, 0.005501050452398434
471, 0.005446292742178869, 0.009643407661438652, 0.0055099322019797345
472, 0.005445079248733873, 0.009478868309659596, 0.005521501065555122
473, 0.005432954198469769, 0.0093092592815797, 0.005514025386697485
474, 0.0054216666096219895, 0.009154683957204686, 0.005511527003673729
475, 0.005405539704112868, 0.00901104601422989, 0.0054999317540140435
476, 0.005381359211374399, 0.0089007184647013, 0.005480937532928206
477, 0.005335881171427899, 0.008825543503676961, 0.0054488867559380075
478, 0.005284105081841346, 0.008790028634658109, 0.0054091473074219494
479, 0.005231851184588381, 0.008773742316526629, 0.005364663012692008
480, 0.005181407253190197, 0.008789731057515108, 0.005316383759978836
481, 0.005130476049820384, 0.008845421284866354, 0.005279306862330696
482, 0.005076097435203902, 0.008921332865230468, 0.005231870908087719
483, 0.0050231782893848265, 0.00901155727545104, 0.005191012257309056
484, 0.004981911522978943, 0.009092327533804224, 0.0051507073172466005
485, 0.0049624613668687815, 0.009162300262847678, 0.005113011512522474
486, 0.004956621333358635, 0.009220859263357523, 0.005070869253096807
487, 0.004959361357377665, 0.009275736481043247, 0.005030802907712842
488, 0.00496577270460077, 0.009316052781902303, 0.004993468522129706
489, 0.004979427099341, 0.00934539155107118, 0.004966116312543358
490, 0.00499687594305172, 0.009374635997165532, 0.004947041174923843
491, 0.005011446701791165, 0.009401286299791294, 0.004936522103374191
492, 0.005028755567505869, 0.009428559131275509, 0.004929608879101292
493, 0.005038497832212777, 0.00946419511433795, 0.0049309069743886935
494, 0.005036709850366607, 0.00948780518914901, 0.004937970380797828
495, 0.005031951607998785, 0.00948036673015312, 0.004950109699333844
496, 0.005034851888351573, 0.00944326130911224, 0.00496245830054364
497, 0.0050357022567363435, 0.009374702798168119, 0.004961896211532291
498, 0.005032601564211831, 0.009283011411908845, 0.004953949570708922
499, 0.005031087760283337, 0.009177815499145385, 0.004937201658973076
500, 0.005029170679026879, 0.009076386333907872, 0.004923194307199475
501, 0.005035963197026794, 0.008964675715270687, 0.004905461748270901
502, 0.00505121899310226, 0.008867986441405091, 0.004888345367243028
503, 0.005061812335607543, 0.008801014448159382, 0.004868342439111492
504, 0.005053865033431398, 0.008756789519779517, 0.004844499688792389
505, 0.005039275523668734, 0.008729974383975025, 0.004826139228032638
506, 0.005024144274930094, 0.008705034844314834, 0.004816257483828573
507, 0.005004413343188038, 0.008692778786978874, 0.004819881219706763
508, 0.004971228850081674, 0.008693404868265562, 0.004816981061667078
509, 0.004923623000748594, 0.008702476980095377, 0.004809486263319347
510, 0.004869291482367267, 0.008723832030079561, 0.004792501158752923
511, 0.004818357093463516, 0.008759982861564918, 0.004769302122258828
512, 0.0047803519735751835, 0.008811587048008766, 0.00474131794284002
513, 0.004753418213288089, 0.008866573436723948, 0.004706284929990917
514, 0.004729190566098044, 0.008916811692035634, 0.004668224958660766
515, 0.0047085347365203156, 0.008948708007008347, 0.004607572668645195
516, 0.004691119533325166, 0.008951406603701766, 0.004544127815928348
517, 0.0046797918938576285, 0.008960273690023831, 0.004482310629230379
518, 0.004669517301854108, 0.00895910513135169, 0.0044255680154155295
519, 0.00465831236543617, 0.00896040805703161, 0.004372273339950766
520, 0.0046401909855901275, 0.008950601967519614, 0.004326673186321932
521, 0.004612731778692645, 0.008945066177735128, 0.004288191411016808
522, 0.004581082978836628, 0.00893320890533111, 0.004253183741636174
523, 0.004545326739202342, 0.008932415857100902, 0.0042335343116724124
524, 0.0045048376308614415, 0.00892726970976668, 0.004218235161326797
525, 0.004457261594788367, 0.008907857531073256, 0.004201635528545502
526, 0.004407561961130979, 0.00886682104674729, 0.004183003398069958
527, 0.004354945981791279, 0.008794637070896453, 0.004160536153837595
528, 0.004298149884696233, 0.008697855937767757, 0.004137819616350607
529, 0.004236525210071669, 0.008582320932627749, 0.0041002100954838335
530, 0.004166923709716755, 0.00846695216992633, 0.0040558285970786956
531, 0.004093625985748118, 0.008337668132874147, 0.004003287119272072
532, 0.004022755673749791, 0.008206850458134725, 0.0039497651636442675
533, 0.003953661367445973, 0.008066493547663473, 0.0038959108231864117
534, 0.0038845593528413253, 0.007934920337483158, 0.003842861663740459
535, 0.0038194245066171116, 0.007799064963921629, 0.003789896879990487
536, 0.003761268036192704, 0.007665556972874896, 0.003733267882434846
537, 0.0037134786486910953, 0.007528324110966839, 0.0036855625182109037
538, 0.003675716423973425, 0.007395383935928777, 0.003637885773737621
539, 0.0036449621988495096, 0.00727306171112057, 0.0035968896506476814
540, 0.00361695603233355, 0.007167288918583909, 0.0035581880043672937
541, 0.003584532193801432, 0.007071045730044302, 0.0035217980148325107
542, 0.0035499046618908707, 0.006984462564703663, 0.00348712677006925
543, 0.0035136677638465323, 0.00690786220625493, 0.0034564949717599677
544, 0.0034745063686897476, 0.006842813884061849, 0.003429245860506723
545, 0.003430499749197755, 0.006791733220540224, 0.003403934285322218
546, 0.0033853473187751065, 0.006748696704434855, 0.003382761596413397
547, 0.0033397028218335677, 0.00670454924183736, 0.003358954566901213
548, 0.0032931722405350004, 0.006673948458634587, 0.0033329222350487984
549, 0.003257190991949659, 0.006653902478484498, 0.003306277112465586
550, 0.0032274290825858353, 0.006638393300154273, 0.0032785480137839844
551, 0.0031998080998525036, 0.006627679763591021, 0.0032501471654878458
552, 0.0031746099838331427, 0.006617517259302878, 0.003218960120715583
553, 0.0031535325394595128, 0.006604762457641645, 0.003187519740889653
554, 0.003136458616087491, 0.0065894556724030795, 0.0031521238195837686
555, 0.0031251832126830605, 0.006578724559573559, 0.0031184555017960917
556, 0.003117879824745404, 0.006551740916109609, 0.0030866708583738257
557, 0.0031133723431037144, 0.00651870538133794, 0.0030562616778751707
558, 0.003112743465123966, 0.006479701650118555, 0.0030278044278399343
559, 0.0031166825292689776, 0.006446367824663377, 0.003001257696502451
560, 0.0031218951198678947, 0.006417180745160047, 0.002977687264904901
561, 0.0031315075004697936, 0.006400945356419942, 0.002958464578168007
562, 0.0031404046182539756, 0.0063913550922949005, 0.002943669127782034
563, 0.003148283555409187, 0.006390601998740963, 0.0029330629131196877
564, 0.003158363934830673, 0.006401991999653047, 0.0029256861964822717
565, 0.003164297415788438, 0.00642107615334314, 0.002920824625098708
566, 0.003171955717070366, 0.006450100837409383, 0.0029178578192680716
567, 0.003180197490771204, 0.006479399477276211, 0.0029170667202119355
568, 0.003187629901657326, 0.0065200619951530266, 0.0029159964291652486
569, 0.0031923196875999283, 0.006557796051869026, 0.0029140268926486257
570, 0.0031980313175636035, 0.006604906342027651, 0.0029120582880102844
571, 0.0032024352172916985, 0.006653655061507315, 0.002909941362835367
572, 0.003199534855748203, 0.006700297685680577, 0.0029084066630991052
573, 0.0031980474798448794, 0.006745570051256172, 0.0029076386464145037
574, 0.003190864091801903, 0.006785069421076175, 0.0029091517414583756
575, 0.0031787445401754546, 0.006822773481239262, 0.0029130058909228266
576, 0.003165785508438352, 0.006853263187722634, 0.002919958058290824
577, 0.003147865155234463, 0.006883782166047494, 0.0029303938531337046
578, 0.003129719899662863, 0.006914274261904567, 0.002943591268308211
579, 0.0031085791675715692, 0.006951254977104664, 0.002958029382621194
580, 0.003091629369981852, 0.006999832039690974, 0.002971834348505799
581, 0.0030735543323579455, 0.007053634873461838, 0.0029853244600374098
582, 0.003058306355701846, 0.007119792852770946, 0.0029980499748265142
583, 0.003042299484931346, 0.007190382436842169, 0.003006636542891538
584, 0.0030309909604111216, 0.007271311812324115, 0.0030126179162633954
585, 0.0030225969620439256, 0.007357136167973351, 0.003015148578532838
586, 0.003017650546511227, 0.00744317004560489, 0.0030151897069490303
587, 0.003016521797195142, 0.00752583512305775, 0.0030148131312322346
588, 0.00301832299750464, 0.007600806008991782, 0.0030152866229410055
589, 0.003020905314814105, 0.007674698325483975, 0.0030160982294365354
590, 0.0030213593072252196, 0.007738423196123445, 0.0030157709020280955
591, 0.0030240162022765384, 0.007800762106386598, 0.003015570766244602
592, 0.0030214334908384125, 0.007848941206568294, 0.003015321513135376
593, 0.003020377043655753, 0.007888422563058599, 0.0030143795306415777
594, 0.003017020637520825, 0.007911259542347317, 0.0030132854261099447
595, 0.003016598070663489, 0.007922619833757154, 0.003010479286180741
596, 0.003018646764177014, 0.007919104672560122, 0.003006673046391688
597, 0.003024886327614124, 0.007907227945707335, 0.0030039670951896988
598, 0.003040798256016965, 0.007888603932455362, 0.0030021891275156336
599, 0.003057267531412918, 0.007864042063953094, 0.003001608772915215
600, 0.0030799943330144025, 0.007833861035783709, 0.0030030265939433648
601, 0.003099926642013158, 0.007813228149612265, 0.003009426271493168
602, 0.003119607546876216, 0.0077815248813247785, 0.003019760758042205
603, 0.003135275329113514, 0.007762072384380998, 0.0030346548185058286
604, 0.0031483229492900843, 0.007729136370711313, 0.003051699945075402
605, 0.0031591727059061907, 0.0077023052094697415, 0.0030682651655836875
606, 0.0031648751338405924, 0.007658285578305892, 0.0030868338965927547
607, 0.0031718111188725924, 0.007620484591109424, 0.0031071831732139513
608, 0.003178143284448112, 0.007570508700731808, 0.003126749447301761
609, 0.003186134382878661, 0.007508045218083399, 0.0031453336902704347
610, 0.0031942311409935793, 0.007437289386284149, 0.0031607070984987933
611, 0.0032064204173241503, 0.007352291678742889, 0.0031806693113409206
612, 0.0032188752552998454, 0.00726223854065285, 0.0032030754858317152
613, 0.00323169645703019, 0.007169944930653624, 0.0032304232644792827
614, 0.0032420284735464, 0.007081020180551652, 0.003259149411565301
615, 0.00325479096007733, 0.007000464955649717, 0.0032932152341584413
616, 0.003260753331731092, 0.006926419649574394, 0.0033292780020840757
617, 0.0032731770385177306, 0.006868017415631412, 0.0033662323344664626
618, 0.003282105009392783, 0.0068285134155314986, 0.0034105614658620498
619, 0.003298084106144591, 0.006800586239002983, 0.003444238738835763
620, 0.0033132820046934564, 0.0067964978248486055, 0.0034755931141034293
621, 0.0033357109309082294, 0.00679549076185259, 0.003496215569103474
622, 0.0033637533809183382, 0.006818606847282497, 0.0035134101974565158
623, 0.0033976933914391673, 0.006839191951494195, 0.003523141149884024
624, 0.003444090591907402, 0.006886022094295891, 0.0035351613051371796
625, 0.003491612748556828, 0.006933083232176342, 0.0035459708132304767
626, 0.003547568205462067, 0.007003842106407388, 0.0035518887113586595
627, 0.00359913521707455, 0.007078604673929748, 0.003560366015719105
628, 0.0036527192093344764, 0.00717950729601372, 0.0035687212203126283
629, 0.0037012695727113437, 0.007284784896689399, 0.003581590625690745
630, 0.003746700081049679, 0.0074062067082128315, 0.0035948700243418827
631, 0.003784879268722692, 0.007529314507224209, 0.0036076424250432206
632, 0.0038204470907916887, 0.007657276681211859, 0.0036167361116732264
633, 0.0038474314522293543, 0.007786337828774024, 0.003622489468230224
634, 0.0038765400812356106, 0.007909436843323885, 0.0036271635259341574
635, 0.003895420288843434, 0.00803080939310068, 0.003633272583131988
636, 0.003918343452693441, 0.008134820467084202, 0.0036425743186769216
637, 0.003932145780417477, 0.00823474304423715, 0.00365869886151677
638, 0.003952141137301436, 0.008313262458795993, 0.0036825215139944354
639, 0.003961026183790955, 0.008385108331248498, 0.003713905970297461
640, 0.0039716425721650385, 0.008432941045944631, 0.0037502290313481245
641, 0.00397619078107138, 0.008473137710747723, 0.0037912884819730685
642, 0.003977915853378907, 0.00849362721597565, 0.003832400860561554
643, 0.0039821843613069615, 0.008505804002301064, 0.003872918299021076
644, 0.003982781266031925, 0.008518705820714874, 0.003910103554776232
645, 0.00399034858102674, 0.008510516154343587, 0.003940757539448003
646, 0.0039931571074482124, 0.00850853841993416, 0.003967602975191769
647, 0.00402731453423757, 0.008468270735419017, 0.003988144400901179
648, 0.0040364361863813765, 0.008399305189977103, 0.004007519144541218
649, 0.004073130491548437, 0.0083207326778987, 0.004028274798952078
650, 0.004087966579414705, 0.008247530365418837, 0.004052912654755562
651, 0.004132242897017955, 0.008179450626083159, 0.004081950664110457
652, 0.0041778159294071525, 0.008114671685765, 0.004113225613828375
653, 0.0042422101203356075, 0.008084338991110374, 0.0041462892525592696
654, 0.0043104712696310265, 0.008058899239938608, 0.004179682462199945
655, 0.004362425582347061, 0.008072976977813196, 0.00421805614894437
656, 0.004433766503305514, 0.008127474458695936, 0.004254865679805069
657, 0.004485174847037435, 0.008190486134206174, 0.004291502691810877
658, 0.0045582313627295515, 0.008261250417258408, 0.004330112144134473
659, 0.004604627570036237, 0.00833405584927285, 0.004363022671304913
660, 0.004649867684146925, 0.008404066387065295, 0.0043956514407882796
661, 0.004676950565687128, 0.00845884457437028, 0.0044329165111165044
662, 0.004699507270805466, 0.008509817600545436, 0.004464564543707718
663, 0.0047177006313720345, 0.008559458117182098, 0.0045026468746015595
664, 0.0047372973187212565, 0.008608744224055014, 0.004536875776838168
665, 0.004757375918562144, 0.008658736948017873, 0.0045748892221580345
666, 0.004773894628373705, 0.008714104879590184, 0.004606630191105174
667, 0.004785997543078688, 0.008777939902087436, 0.004643931965675226
668, 0.004787210594391283, 0.008852278460301717, 0.004676841270540812
669, 0.004778909080438253, 0.008946904972602088, 0.004699092038884542
670, 0.0047622206017094715, 0.009054520149832735, 0.004712291505735525
671, 0.004739119354455058, 0.009188512048228866, 0.004699856281084958
672, 0.0047140162884082345, 0.00933269198480017, 0.004684120920726729
673, 0.004690442216924908, 0.00948966031304552, 0.004660400993876203
674, 0.004671614563525051, 0.009650645777882454, 0.004644785781701247
675, 0.004660063431967319, 0.009808333189618365, 0.004633471560941021
676, 0.004664730678683168, 0.00995496301440007, 0.0046361793124965935
677, 0.004688004018738725, 0.010091312439058576, 0.004658156049054785
678, 0.004726714760034832, 0.010214529909325195, 0.004702457370023547
679, 0.004779652981439056, 0.0103182516350361, 0.0047721047633982145
680, 0.00484408615080245, 0.010417640486379423, 0.004858766789321658
681, 0.004915641583264632, 0.010514037586036038, 0.004952914001742132
682, 0.004989958317031456, 0.010611192986303076, 0.005050228351159128
683, 0.005067646337589555, 0.010708730657879292, 0.005149833459225724
684, 0.005148007046696933, 0.010817457577871878, 0.005254965267067055
685, 0.005233739370792966, 0.010922682596582491, 0.0053592836983726855
686, 0.005329368841357093, 0.011037421916181041, 0.005469186619333355
687, 0.005464885553178166, 0.011152142925614584, 0.005580934139109977
688, 0.00564137135450303, 0.011265555427902469, 0.0056907908629734195
689, 0.005836942757526819, 0.011337217276545176, 0.005805315981312927
690, 0.006050892882919004, 0.011393517591674014, 0.0059132714010107935
691, 0.006276037383225009, 0.011423505974403525, 0.006010590988153693
692, 0.006498881822184684, 0.011437073895140025, 0.006107923438458905
693, 0.006698729335207594, 0.011436666627509232, 0.006216773110292751
694, 0.006872240391938463, 0.011417056761329399, 0.0063325291588230284
695, 0.006997606299186348, 0.01138900650696819, 0.006455875602137617
696, 0.007069165085937158, 0.011361279945917254, 0.006576486147388619
697, 0.007112029869259719, 0.011373412349203051, 0.006681350527137067
698, 0.007123889366656372, 0.011386905565019227, 0.006774910052951455
699, 0.007103913371569203, 0.01139908519968521, 0.006866986853757305
700, 0.007077444321461294, 0.011399003245512882, 0.006936810114168647
701, 0.0070454796018903035, 0.011391397271883447, 0.006976016540388781
702, 0.00701491057912331, 0.011381882921157627, 0.006978584633766628
703, 0.006976318433613305, 0.011366743171845389, 0.006948735860567181
704, 0.006933021839430201, 0.011327548394005437, 0.0068986940939635205
705, 0.006880494132453026, 0.011262887043282266, 0.006841740892576418
706, 0.00682757310586196, 0.011186995075398911, 0.0067844362853396655
707, 0.00679062785117853, 0.011119772666641712, 0.006718592165984167
708, 0.006755213797445277, 0.011077808457489995, 0.006647870463020014
709, 0.006731439912623008, 0.011059258759959622, 0.0065776751299610045
710, 0.006716545378665353, 0.011056565769111997, 0.006516164993820786
711, 0.0067067021980223495, 0.011078260140472425, 0.006467128627237473
712, 0.006703665203653274, 0.01114099917500111, 0.006428662960237512
713, 0.006703505434078596, 0.011228801361088139, 0.006393927821465388
714, 0.006688348759716814, 0.011329057784347164, 0.0063692037499528216
715, 0.0066420900226425335, 0.0114328625607, 0.0063587445911112575
716, 0.006566074688741224, 0.011526818752327667, 0.006360280926320144
717, 0.006470400090186696, 0.011605224133754043, 0.006359372277710694
718, 0.006353494701918887, 0.011662583668253552, 0.006354154554077503
719, 0.006225771291394316, 0.01168765707083818, 0.006329142328972582
720, 0.006084852697031858, 0.01167422640614385, 0.006287711450327046
721, 0.005937994746632517, 0.011632826732644805, 0.006212813622618008
722, 0.0058025645168134354, 0.011579428481242193, 0.006124536416248983
723, 0.005691081294033593, 0.011521963625716818, 0.006017432628062893
724, 0.005601273436086841, 0.011455108900054793, 0.005908500025781078
725, 0.005528479217143199, 0.011378279799035065, 0.005816410583912716
726, 0.0054684610170588135, 0.011291390021115975, 0.00573625532324588
727, 0.00545042332602326, 0.011185750309860012, 0.005677124996492908
728, 0.005425844183863804, 0.01105724416526274, 0.00563232429437317
729, 0.005414965297734314, 0.010914619077252654, 0.0056256493500034315
730, 0.005423741894017288, 0.010757497249018706, 0.005628577464038352
731, 0.005430213777682845, 0.010581526167256666, 0.0056375136945325255
732, 0.005446745216636956, 0.010382926422947891, 0.005633990211888146
733, 0.005457202982623801, 0.010159393161460245, 0.005608379544967155
734, 0.005454840246350207, 0.009932576070585132, 0.005566626268478907
735, 0.005401086065907261, 0.009712794374269014, 0.005512706038895649
736, 0.005345390507006273, 0.009512638164167989, 0.005450468156108196
737, 0.005271588751353287, 0.009321206015400079, 0.0053738252215794645
738, 0.005169236281689427, 0.009145348615017342, 0.0052792835555196815
739, 0.005061211055892143, 0.008984697910229034, 0.00517489394604025
740, 0.004931296671926572, 0.00884497937794291, 0.0050638507073075024
741, 0.004794341341543432, 0.008738121782419003, 0.0049507895547948625
742, 0.004660925738709588, 0.008650587815156452, 0.004835567536726326
743, 0.0045353019837917705, 0.008582365342937888, 0.004713993187932189
744, 0.004422405611079603, 0.00851986677763406, 0.004594328165501543
745, 0.00432067521931322, 0.00846754788842387, 0.004480820987214784
746, 0.0042317125027176924, 0.008407629091935188, 0.004376585969536576
747, 0.004153569723860947, 0.008344419637705287, 0.004283669941447588
748, 0.004095324216883075, 0.008283080307839114, 0.004204519570992788
749, 0.0040586578174322575, 0.00822399032829978, 0.004147705791882355
750, 0.004039446714482907, 0.008169995105506844, 0.004102160562639772
751, 0.004040268286928213, 0.008119324608757365, 0.004081851238684823
752, 0.004053819047998197, 0.008078021734707903, 0.004077406121026969
753, 0.00407555929757525, 0.008042770957963139, 0.004084356241819441
754, 0.004103609849405048, 0.008029067886356673, 0.0040994473841000885
755, 0.0041436406657567055, 0.008040936059906549, 0.0041210653963839015
756, 0.004189634517911817, 0.0080793537402308, 0.004147627912525426
757, 0.004240313166791773, 0.008120808741940391, 0.0041697136675331314
758, 0.004293307841654285, 0.008162840216133015, 0.0041983480241177176
759, 0.004343212641739775, 0.008199961655223048, 0.004223351976240143
760, 0.004384973116605756, 0.008227568544630935, 0.00424176757744323
761, 0.004425623521742006, 0.008247939594949882, 0.004260208475903821
762, 0.004461788504066816, 0.008264701471809003, 0.004283014913764359
763, 0.004481414060412525, 0.008274227748843122, 0.004309583351696032
764, 0.0044809020305217806, 0.00826595928658465, 0.004340855772054291
765, 0.00445795312210486, 0.008265536974063178, 0.0043702229843326605
766, 0.004427126276977596, 0.008272129864207566, 0.0043915318977032275
767, 0.004394076167281798, 0.008294871836223756, 0.00440446888407248
768, 0.004368886847097352, 0.008336251918894932, 0.004416590744573944
769, 0.004346214426581521, 0.008396245288386991, 0.004423080222086776
770, 0.004337173337268794, 0.008463738830680419, 0.004429103944009614
771, 0.004346450762684869, 0.008532899316464487, 0.004429962126231745
772, 0.0043773863610733375, 0.008604213811633723, 0.004432345455579566
773, 0.004418701015481967, 0.008670630123796067, 0.004451509883699213
774, 0.004459744828486824, 0.008740242084599023, 0.004482923185804278
775, 0.004497898583454969, 0.008804946801547123, 0.004530924047194133
776, 0.004527221016861138, 0.008869992554512145, 0.004584820947285681
777, 0.004549387965857298, 0.008927070919442481, 0.004640903987061138
778, 0.00455729711289688, 0.008978575214147196, 0.004703894080125178
779, 0.004550367488005316, 0.00901961371666457, 0.00476745951804239
780, 0.004531689401619022, 0.009059268695861662, 0.004835588105235028
781, 0.0045170567618530765, 0.009086173949504655, 0.004883429709298825
782, 0.0045096205391438856, 0.009101135468586275, 0.004927146133349263
783, 0.004508180480509708, 0.009108009630391227, 0.004956359403298965
784, 0.0045305690368264255, 0.009116599865169609, 0.00498359418580612
785, 0.0045610376803721245, 0.009134637947326454, 0.005016171003971867
786, 0.004603190038348325, 0.009161247857486713, 0.005040208854924704
787, 0.004647091672036122, 0.009207543249517476, 0.005069901508768117
788, 0.004703084991677541, 0.009258761562936172, 0.005085865524581878
789, 0.004764463387510625, 0.009318891522714472, 0.005106792007754081
790, 0.004827346762007253, 0.009379135279373466, 0.005118544945482
791, 0.004891594832721138, 0.009438647272205294, 0.0051340786019547025
792, 0.004940957997250374, 0.009485101960100316, 0.005152577965975461
793, 0.004987295568810313, 0.009517640476682269, 0.005174837380515212
794, 0.00502938085555018, 0.009543424594304956, 0.005202600365069156
795, 0.00507666095763524, 0.009556042369344004, 0.005230763422410448
796, 0.005113931135426313, 0.009562176009706998, 0.0052594099394971195
797, 0.0051480244985668165, 0.009574083506907183, 0.00528297362442897
798, 0.005182983628201951, 0.00959578565091276, 0.0053064597796292695
799, 0.005213953085136182, 0.009620011263020168, 0.0053185720387087364
800, 0.005240059863902064, 0.009637972366001918, 0.00531905989427698
801, 0.005258450657266666, 0.00965249379491889, 0.005303537790108845
802, 0.005266011774277427, 0.009674337510865955, 0.00527575304605285
803, 0.005259071588358476, 0.009718149836665744, 0.005235780230688512
804, 0.005238265564261801, 0.009782421168855913, 0.0051931636345348385
805, 0.005199830811538718, 0.009844838346929535, 0.005149739437416643
806, 0.005139413606376624, 0.009885942899238201, 0.005108198101592645
807, 0.005066975430406686, 0.009904445488630863, 0.005074054789769129
808, 0.004987132061234674, 0.009901661648713879, 0.005040618449261383
809, 0.0049109727046026536, 0.009877283327010442, 0.005008060989028014
810, 0.004838153016285192, 0.009811471449198443, 0.004968826541651558
811, 0.004772803781510291, 0.009697755576521973, 0.004928419365449955
812, 0.004719454481742168, 0.00954694740646091, 0.004891382718904519
813, 0.004681854144451499, 0.009374374721318576, 0.004852307268651691
814, 0.004665707192848935, 0.009202340886110683, 0.004812864272959038
815, 0.004668608715462074, 0.009037723809984194, 0.004777424794994761
816, 0.004686875483052258, 0.00889376135944974, 0.004753345102268417
817, 0.00471318997006791, 0.008771851993557572, 0.004744475958523498
818, 0.0047452329239109975, 0.008668397784546549, 0.0047483109306376715
819, 0.00477921686104714, 0.008572617916172545, 0.0047477833932020805
820, 0.0048066637904141995, 0.008479577716068235, 0.004734266051972902
821, 0.004821513366699413, 0.008394058888764811, 0.004723331881179027
822, 0.004807908225389126, 0.008310085770674243, 0.004710098753723406
823, 0.004775712880219723, 0.00822786016977657, 0.00468902648581586
824, 0.004732197259992792, 0.008146217229829467, 0.004653393894212031
825, 0.004687879021459496, 0.008062333334664239, 0.004602999274938066
826, 0.004641392929061712, 0.00798794534016679, 0.004544717656900451
827, 0.004596679873050467, 0.00793315076009158, 0.004492359897593818
828, 0.004555853195663364, 0.007898179987047041, 0.004447923378970207
829, 0.004523260503045124, 0.007878986473711613, 0.004399532057952665
830, 0.0045127775510910885, 0.007879221248214241, 0.004352584278543313
831, 0.00450902916590392, 0.007896554761448002, 0.0043053874596296615
832, 0.004504695417494037, 0.007925073865190013, 0.004268365147513344
833, 0.004490647748798161, 0.007967943994056646, 0.004241740371538911
834, 0.004476995324346438, 0.008019554295487901, 0.004227794287593299
835, 0.00446423268826601, 0.00807872180954812, 0.0042250796927445124
836, 0.004455438297575764, 0.00814319298355274, 0.004232154287230189
837, 0.0044482515386819, 0.008214114269709402, 0.004249015437319272
838, 0.0044365492582666335, 0.00828719454796442, 0.004277100375422074
839, 0.004416124294251721, 0.008364289726657642, 0.004313675018034634
840, 0.004384212964870367, 0.008457146455291512, 0.004351972582700563
841, 0.004341789910075939, 0.008579800109826258, 0.004390355373845904
842, 0.004289559109634725, 0.00873814304704338, 0.004425089547740176
843, 0.0042322494674652735, 0.008900026637070112, 0.00445582984539695
844, 0.004169435293761347, 0.009046458989816427, 0.004482889707473797
845, 0.004103528856923827, 0.009171929191041888, 0.004504352710818375
846, 0.0040429612617301856, 0.009272055650750146, 0.004510742239405795
847, 0.003997944913171527, 0.00934854606588084, 0.0045018485849718706
848, 0.003971266491442541, 0.009394095663521155, 0.004475319012625472
849, 0.003965437321692249, 0.009394154295146053, 0.004434582112134281
850, 0.0039740151766174256, 0.009344612764094078, 0.004378843586483818
851, 0.00398619850368467, 0.009273463821269808, 0.004316168260136059
852, 0.004001878685704766, 0.009202407865692567, 0.004251861468288577
853, 0.004020848478733691, 0.009138881412051674, 0.004185596036073236
854, 0.004039067801401164, 0.009080467236781785, 0.004123747591535951
855, 0.004055306950158585, 0.009011253770126851, 0.004065904429644775
856, 0.004077221538268693, 0.008931962403182923, 0.004019653991018695
857, 0.004104668569659943, 0.00885625482414693, 0.003982332795963532
858, 0.004133514364777638, 0.008781555342300688, 0.003959277228396067
859, 0.004165346286245751, 0.00870390573683527, 0.0039489293932860065
860, 0.004196717926501633, 0.008613485916258629, 0.003944282604458523
861, 0.004227718493609938, 0.00850574401114062, 0.003948862941510805
862, 0.004252459385500001, 0.008390261364742222, 0.003961518577838585
863, 0.004272383910824042, 0.008285387442511026, 0.0039868834933849216
864, 0.004281108439041731, 0.008192295072462864, 0.0040191420882011155
865, 0.004269231898670652, 0.008096765562939878, 0.004054732441313712
866, 0.004245053054881089, 0.008002162473492794, 0.004089979269593418
867, 0.004209765451541055, 0.00790946235436912, 0.004117711670899906
868, 0.004173651782303129, 0.007832859589886552, 0.004141482288104569
869, 0.004136740656382065, 0.0077741654149666535, 0.004159769832130551
870, 0.004102919739840313, 0.007734594073979677, 0.004173771444836735
871, 0.004070503191235597, 0.007715519144505178, 0.004184233262689444
872, 0.004040071683677216, 0.0077155426221018585, 0.004193966638475051
873, 0.004021917492396412, 0.00773465661371702, 0.004207803561814675
874, 0.004014291516242184, 0.007771284995956933, 0.004226986852651336
875, 0.004021034461113179, 0.00782742937620965, 0.0042562958742517944
876, 0.004035441997314452, 0.007894884857162762, 0.004286722293873649
877, 0.004059998246978957, 0.007977180191958517, 0.0043173613699420445
878, 0.004093182349176295, 0.008072284863917882, 0.004345789498281024
879, 0.004137142391980523, 0.00817725887804974, 0.004373783494267343
880, 0.004189726086622604, 0.008289850841098515, 0.004401652502316147
881, 0.0042483160154447065, 0.008406080186624584, 0.004428509891450966
882, 0.00431033126826165, 0.008520651801123469, 0.004453900361913935
883, 0.004374085244349285, 0.008640072685997934, 0.004474303636082468
884, 0.004434661101182368, 0.008770542718743363, 0.004496228606460552
885, 0.004491569407705426, 0.008906521634335578, 0.004523160858131963
886, 0.004547235214810176, 0.00904192751997529, 0.004563170339022048
887, 0.004598033730431811, 0.009177165743600165, 0.004618747114692687
888, 0.004646918656387996, 0.009321531240609207, 0.0046924729223723856
889, 0.004692294873188479, 0.0094709067500383, 0.004774505487718314
890, 0.004736798867531082, 0.00962914206882802, 0.004861257225162988
891, 0.004782437950026165, 0.009795860540391194, 0.004948917716476241
892, 0.00483465552949384, 0.009962170061252617, 0.005033682618825497
893, 0.004892143588406892, 0.01013188085692379, 0.005109927185197789
894, 0.0049548768725093725, 0.010313783588616733, 0.005170856778442488
895, 0.00502771075440888, 0.010507685960784545, 0.005216014444326626
896, 0.005111006691736739, 0.010702715437865148, 0.005243147716843999
897, 0.005209980910566214, 0.010902813541792398, 0.005263960060940245
898, 0.0053218658902580325, 0.011099419822060537, 0.005281190571871019
899, 0.0054425942897995405, 0.011289779940069128, 0.005301434271964969
900, 0.005569439077507484, 0.011474301115048342, 0.005326783479041491
901, 0.005701465760181138, 0.0116544896923633, 0.005356295596432468
902, 0.00583355631430542, 0.011814216837795504, 0.0053873932209906935
903, 0.005961494057527519, 0.01193282681203633, 0.005416446159328418
904, 0.006074240511288884, 0.012011322028905293, 0.005441528367319424
905, 0.006163757379290708, 0.012063125374723694, 0.005458093974386426
906, 0.006225516489131195, 0.012108774756038627, 0.005469551638826453
907, 0.006261587509998967, 0.012149313116699772, 0.005475239589354915
908, 0.0062720480760072115, 0.012178695080865585, 0.005475543639596436
909, 0.006253621938709198, 0.01219845814186065, 0.005477440654112492
910, 0.006217717001889531, 0.012230129534499002, 0.005488395503246852
911, 0.006160606221994563, 0.012289028170662802, 0.0055051780039998615
912, 0.006092851547834777, 0.012377011164643965, 0.005525801959152531
913, 0.006022571051381628, 0.01248232601370496, 0.005550839733573582
914, 0.0059608852127829804, 0.012591960494653501, 0.0055731175044750406
915, 0.005916889238407499, 0.012708374897342112, 0.005596252646352811
916, 0.0058890575873303454, 0.01283138628946009, 0.005621912917834009
917, 0.005881201598233007, 0.012951893801601748, 0.005645648181149489
918, 0.005886685233575416, 0.013056825758517365, 0.005666699227076925
919, 0.005915935900700304, 0.013148450702041466, 0.005689242195611887
920, 0.005970770373538248, 0.01322308223138664, 0.005716822062865177
921, 0.006038645423734843, 0.013284483125383856, 0.00574736396135003
922, 0.006119591583149047, 0.01334031791319289, 0.005787028237753153
923, 0.006197190541776183, 0.01337607786792386, 0.005830324286542206
924, 0.006268005237762284, 0.013404489502101196, 0.005876375652957107
925, 0.006430418912858141, 0.013335812921160432, 0.005986322420977087
926, 0.006570561150175486, 0.013296694601335972, 0.006066695291802746
927, 0.006696692262366024, 0.013227124245489648, 0.006152078013341737
928, 0.0067847087522890075, 0.013170891128000848, 0.006224695817110723
929, 0.006838027938692417, 0.013098736256993553, 0.006291399410424927
930, 0.006855989314518498, 0.013015485060510411, 0.006346936686839844
931, 0.006845048753826457, 0.012916229344637601, 0.0063887359954422985
932, 0.006822700138728388, 0.012802846766582781, 0.006418939854350863
933, 0.00669481036006582, 0.012763658867595664, 0.006378578789311044
934, 0.006579594751719107, 0.01266777602789928, 0.006358235919812318
935, 0.006466095811574899, 0.012572129181055536, 0.006321791939840036
936, 0.0063744407444539354, 0.012431811876769092, 0.006279403903070381
937, 0.00630691979031802, 0.01226833198302631, 0.006222138089671101
938, 0.006250743003407004, 0.01207314767395888, 0.006154930519209799
939, 0.006208500082333973, 0.011873216939561232, 0.0060867193674315504
940, 0.00616622464891099, 0.011658237839705144, 0.006017685520064731
941, 0.006129012864920033, 0.0114449998965488, 0.0059539479523021965
942, 0.006093819000495787, 0.011240786256312196, 0.005898809975662592
943, 0.0060619551031087186, 0.011052119266231498, 0.005848030793441125
944, 0.006032319527706687, 0.010882364600122705, 0.005801803674453495
945, 0.00600814177271405, 0.010740023263001067, 0.0057666813668768935
946, 0.005993599157304191, 0.010623483187140528, 0.005740740821856572
947, 0.005988790735603496, 0.010520091838162824, 0.005718903018521992
948, 0.005992313932596938, 0.010434708951433396, 0.005701186072564255
949, 0.0059936449479611005, 0.010365831458774462, 0.005684961706227912
950, 0.0059892041657907905, 0.010308036057081629, 0.005666625386576463
951, 0.005972489900817845, 0.010263558726375875, 0.0056477132307892735
952, 0.005941894162709253, 0.01022973292261212, 0.005631489684414207
953, 0.005892754957950161, 0.010206361683617875, 0.005611171654334025
954, 0.00582865512805817, 0.010187578216481114, 0.005590397871183631
955, 0.005744071254250596, 0.010166298685204514, 0.005567479124869549
956, 0.005643876092870455, 0.010142051041368384, 0.005543847725377825
957, 0.005530005242627145, 0.010105408781701821, 0.0055175408979106135
958, 0.00540642676635431, 0.010061654295497937, 0.0054882470285292535
959, 0.005277396214881557, 0.01000650741894362, 0.005458471765533658
960, 0.005148251538420468, 0.009946393076504642, 0.005432127614587625
961, 0.005022233542758385, 0.00987943090743908, 0.005414154646217917
962, 0.004900421260038642, 0.009810674581428806, 0.005403224780908481
963, 0.004786894716673206, 0.00975050718542598, 0.005401113341932241
964, 0.0046832686057628435, 0.009700922914888466, 0.0054070015114205975
965, 0.004589586639927212, 0.009666374919481734, 0.005418837416578516
966, 0.004508675890304727, 0.009648757930301378, 0.005439847544502717
967, 0.004438090023014212, 0.009646666251789698, 0.005469393474535361
968, 0.004377803641037476, 0.009655373690357578, 0.0055087148641133786
969, 0.004331030149220931, 0.009672595553041886, 0.005561837469163057
970, 0.004295801956128539, 0.009694548069822721, 0.005624595180103255
971, 0.004273951427527286, 0.00971585761601657, 0.005693043145618886
972, 0.004264748530551941, 0.009733661981159285, 0.0057651696256892085
973, 0.004267911528218939, 0.00974597451838154, 0.005834402154067104
974, 0.004282288438972833, 0.009756276326565682, 0.00589315335616472
975, 0.004310428338719612, 0.009772437789825934, 0.005934468942045884
976, 0.004349681194477313, 0.009777840222672255, 0.005950158031449898
977, 0.0043949152793551225, 0.009778625512046172, 0.005928607885139169
978, 0.0044439668947311144, 0.009776478814596767, 0.00587427081103776
979, 0.004491467454829173, 0.009771794877121901, 0.005750261786338949
980, 0.004536577876076385, 0.009762351415804935, 0.0056500459415568
981, 0.004574633915946459, 0.00974247383241602, 0.00552033961266143
982, 0.004599001555535856, 0.009713879708078924, 0.005384748609284931
983, 0.0046052475080284126, 0.009679818164539814, 0.005235824751959291
984, 0.00459595468067848, 0.009652794347076289, 0.005085172583886088
985, 0.0045646394048578275, 0.009616721582512701, 0.004944928046930153
986, 0.004517421111197492, 0.00956695646330042, 0.004818700113405373
987, 0.004451170877399586, 0.009508878648217872, 0.004747055916203001
988, 0.004372215912490567, 0.009455710757946049, 0.00464191052673917
989, 0.00428335264827846, 0.009416802473693413, 0.004563553219404934
990, 0.004191228978998138, 0.00937936154679544, 0.004486649828326436
991, 0.0040956211555335555, 0.009329484430748065, 0.004418140637596656
992, 0.003995498690731223, 0.009270439349409553, 0.0043486090671050704
993, 0.0039033235447397613, 0.009219834751055747, 0.004277786383593061
994, 0.0038164312966549787, 0.009173685743629343, 0.004203789296948221
995, 0.0037398779538573034, 0.009106056601018427, 0.00413008788018497
996, 0.0036689559007165307, 0.009016043215786024, 0.004052143084958543
997, 0.003608387692286132, 0.00889918862070042, 0.00396722107079003
998, 0.003560475266997283, 0.008776776101624072, 0.0038796574503844865
999, 0.0035295773188846915, 0.008661299399009423, 0.0038032542197824334
1000, 0.0035170885778191175, 0.008554672377520799, 0.0037452559228196196
1001, 0.00352310964302698, 0.008444148836989655, 0.0037029512123022998
1002, 0.0035389996857945706, 0.00834161223904967, 0.003673005072585346
1003, 0.003565905322719328, 0.008269312654988157, 0.0036538157471864108
1004, 0.00359947489012931, 0.008224281796639593, 0.003645385729929853
1005, 0.00363310722161256, 0.008207792452445876, 0.0036497908463665246
1006, 0.003647661128341863, 0.00820912640004871, 0.0036651760619530703
1007, 0.003652272122663436, 0.00822128820881273, 0.0036864642222809263
1008, 0.0036499893517405466, 0.00824697526649449, 0.0037064759217788593
1009, 0.0036422220753207046, 0.008296534005935453, 0.003724852168961526
1010, 0.0036391600416211603, 0.008374126455356531, 0.003741978604323273
1011, 0.0036391263041337177, 0.008485712087884243, 0.0037563234171230607
1012, 0.0036447307349538327, 0.008618395912741677, 0.0037607498582067564
1013, 0.003661375435229977, 0.008764933253835839, 0.0037478126185231963
1014, 0.0037026079971316573, 0.0089210941752898, 0.0037244505910822923
1015, 0.00375722359979613, 0.009083725088929497, 0.0036941244409575426
1016, 0.0038214670431408132, 0.009246915167150656, 0.003660965303106441
